{"actor_loss": -4.11486126949967e-07, "critic_loss": 2.1193960128584878e-05, "_step": 10, "_runtime": 20, "_timestamp": 1610956430, "mean_rewards": -254.5}