{"actor_loss": -71.01372415124206, "critic_loss": 0.027454522510952515, "_step": 126, "_runtime": 972, "_timestamp": 1610968066, "mean_rewards": -356.6333333333333}