{"actor_loss": -0.00013766625488642603, "critic_loss": 1.5265570118364332e-17, "_step": 1099, "_runtime": 8939, "_timestamp": 1610966600, "mean_rewards": -369.3666666666667}