{"actor_loss": -0.00012087682989658788, "critic_loss": 1.793348615973985e-08, "_step": 274, "_runtime": 834, "_timestamp": 1610957374, "mean_rewards": -402.0}