{"actor_loss": 0.12128567852873288, "critic_loss": 0.6935052851835887, "_step": 1, "_runtime": 11, "_timestamp": 1610956356}